Workbook

Sheet Products 
A1: ProductID | B1: Product | C1: Category | D1: Price
A2: 101 | B2: Product A | C2: Electronics | D2: 120
A3: 102 | B3: Product B | C3: Furniture | D3: 150
A4: 103 | B4: Product C | C4: Electronics | D4: 200
A5: 104 | B5: Product D | C5: Clothing | D5: 90
A6: 105 | B6: Product E | C6: Furniture | D6: 220
A7: 106 | B7: Product F | C7: Electronics | D7: 130

Sheet Orders 
A1: OrderID | B1: ProductID | C1: Quantity | D1: Unit Price | E1: Total Price | F1: Category
A2: 1 | B2: 101 | C2: 2 | D2: =VLOOKUP(B2,'Products '!$A$2:$D$7,4,0) -> 120 | E2: =C2*D2 -> 240 | F2: =VLOOKUP(B2,'Products '!$A$1:$D$7,3,0) -> Electronics | I2: 1. Use VLOOKUP to dynamically find the unit price for each ProductID in the Orders worksheet and calculate the total price.
A3: 2 | B3: 103 | C3: 1 | D3: =VLOOKUP(B3,'Products '!$A$2:$D$7,4,0) -> 200 | E3: =C3*D3 -> 200 | F3: =VLOOKUP(B3,'Products '!$A$1:$D$7,3,0) -> Electronics
A4: 3 | B4: 105 | C4: 4 | D4: =VLOOKUP(B4,'Products '!$A$2:$D$7,4,0) -> 220 | E4: =C4*D4 -> 880 | F4: =VLOOKUP(B4,'Products '!$A$1:$D$7,3,0) -> Furniture | I4: 2. Use nested VLOOKUP to find the category of each product in the Orders worksheet.
A5: 4 | B5: 106 | C5: 3 | D5: =VLOOKUP(B5,'Products '!$A$2:$D$7,4,0) -> 130 | E5: =C5*D5 -> 390 | F5: =VLOOKUP(B5,'Products '!$A$1:$D$7,3,0) -> Electronics
A6: 5 | B6: 102 | C6: 5 | D6: =VLOOKUP(B6,'Products '!$A$2:$D$7,4,0) -> 150 | E6: =C6*D6 -> 750 | F6: =VLOOKUP(B6,'Products '!$A$1:$D$7,3,0) -> Furniture
A7: 6 | B7: 104 | C7: 6 | D7: =VLOOKUP(B7,'Products '!$A$2:$D$7,4,0) -> 90 | E7: =C7*D7 -> 540 | F7: =VLOOKUP(B7,'Products '!$A$1:$D$7,3,0) -> Clothing

Sheet  MonthlySales 
A1: Product | B1: Jan | C1: Feb | D1: Mar | E1: Apr | F1: May
A2: Product A | B2: 120 | C2: 130 | D2: 140 | E2: 150 | F2: 160 | H2: 1. Use HLOOKUP to dynamically find the sales for Product B in a specified month.
A3: Product B | B3: 150 | C3: 160 | D3: 170 | E3: 180 | F3: 190
A4: Product C | B4: 200 | C4: 210 | D4: 220 | E4: 230 | F4: 240
A5: Product D | B5: 90 | C5: 100 | D5: 110 | E5: 120 | F5: 130 | H5: Product | I5: Jan | J5: Feb | K5: Mar | L5: Apr | M5: May
A6: Product E | B6: 220 | C6: 230 | D6: 240 | E6: 250 | F6: 260 | H6: Product B | I6: =HLOOKUP(I$5,$A$1:$F$7,MATCH($H6,$A$1:$A$7,0),0) -> 150 | J6: =HLOOKUP(J$5,$A$1:$F$7,MATCH($H6,$A$1:$A$7,0),0) -> 160 | K6: =HLOOKUP(K$5,$A$1:$F$7,MATCH($H6,$A$1:$A$7,0),0) -> 170 | L6: =HLOOKUP(L$5,$A$1:$F$7,MATCH($H6,$A$1:$A$7,0),0) -> 180 | M6: =HLOOKUP(M$5,$A$1:$F$7,MATCH($H6,$A$1:$A$7,0),0) -> 190
A7: Product F | B7: 130 | C7: 140 | D7: 150 | E7: 160 | F7: 170
H10: Another fomula | I10: Jan | J10: Feb | K10: Mar | L10: Apr | M10: May
I11: {=HLOOKUP(B1:F1,A1:F7,3,0)} -> 150 | J11: 160 | K11: 170 | L11: 180 | M11: 190
