Workbook

Sheet PRODUCTS
A1: Product ID | B1: Product | C1: Price | D1: Order/Not Order
A2: 101 | B2: ProductA | C2: 120 | D2: =IF(ISNA(VLOOKUP(A2,ORDERS!$B$2:$B$9,2,FALSE)),"no","yes") -> yes
A3: 102 | B3: ProductB | C3: 150 | D3: =IF(ISNA(VLOOKUP(A3,ORDERS!$B$2:$B$9,2,FALSE)),"no","yes") -> yes
A4: 103 | B4: ProductC | C4: 200 | D4: =IF(ISNA(VLOOKUP(A4,ORDERS!$B$2:$B$9,2,FALSE)),"no","yes") -> yes
A5: 104 | B5: ProductD | C5: 90 | D5: =IF(ISNA(VLOOKUP(A5,ORDERS!$B$2:$B$9,2,FALSE)),"no","yes") -> yes
A6: 105 | B6: ProductE | C6: 220 | D6: =IF(ISNA(VLOOKUP(A6,ORDERS!$B$2:$B$9,2,FALSE)),"no","yes") -> yes
A7: 106 | B7: ProductF | C7: 130 | D7: =IF(ISNA(VLOOKUP(A7,ORDERS!$B$2:$B$9,2,FALSE)),"no","yes") -> yes
A8: 107 | B8: ProductG | C8: 150 | D8: =IF(ISNA(VLOOKUP(A8,ORDERS!$B$2:$B$9,2,FALSE)),"no","yes") -> no
A13: Q6 | B13: Use VLOOKUP to find out which products from the Products worksheet have not been ordered.

Sheet ORDERS
A1: Order ID | B1: Product ID | C1: Quantity | D1: Price | E1: Total Price | F1: Product_Names | G1: Check_Exist | H1: Discounted Price | J1: Product_Names | K1: Total Quantity | L1: Total Price
A2: 1 | B2: 101 | C2: 2 | D2: =VLOOKUP(B2,PRODUCTS!$A$2:$D$9,3,FALSE) -> 120 | E2: =C2*D2 -> 240 | F2: =VLOOKUP(B2,PRODUCTS!$A$2:$D$9,2,FALSE) -> ProductA | G2: =IF(ISNA(VLOOKUP(B2,PRODUCTS!$A$2:$A$8,1,FALSE)),"Not Exist","Exist") -> Exist | H2: =(D2-(D2*10%)) -> 108 | J2: ProductA | K2: =SUMIF($F$2:$F$9,F2,$C$2:$C$10) -> 9 | L2: =SUMIF($F$2:$F$9,F2,$E$2:$E$9) -> 1080
A3: 2 | B3: 103 | C3: 1 | D3: =VLOOKUP(B3,PRODUCTS!$A$2:$D$9,3,FALSE) -> 200 | E3: =C3*D3 -> 200 | F3: =VLOOKUP(B3,PRODUCTS!$A$2:$D$9,2,FALSE) -> ProductC | G3: =IF(ISNA(VLOOKUP(B3,PRODUCTS!$A$2:$A$8,1,FALSE)),"Not Exist","Exist") -> Exist | H3: =(D3-(D3*10%)) -> 180 | J3: ProductC | K3: =SUMIF($F$2:$F$9,F3,$C$2:$C$10) -> 1 | L3: =SUMIF($F$2:$F$9,F3,$E$2:$E$9) -> 200
A4: 3 | B4: 105 | C4: 4 | D4: =VLOOKUP(B4,PRODUCTS!$A$2:$D$9,3,FALSE) -> 220 | E4: =C4*D4 -> 880 | F4: =VLOOKUP(B4,PRODUCTS!$A$2:$D$9,2,FALSE) -> ProductE | G4: =IF(ISNA(VLOOKUP(B4,PRODUCTS!$A$2:$A$8,1,FALSE)),"Not Exist","Exist") -> Exist | H4: =(D4-(D4*10%)) -> 198 | J4: ProductE | K4: =SUMIF($F$2:$F$9,F4,$C$2:$C$10) -> 10 | L4: =SUMIF($F$2:$F$9,F4,$E$2:$E$9) -> 2200
A5: 4 | B5: 106 | C5: 3 | D5: =VLOOKUP(B5,PRODUCTS!$A$2:$D$9,3,FALSE) -> 130 | E5: =C5*D5 -> 390 | F5: =VLOOKUP(B5,PRODUCTS!$A$2:$D$9,2,FALSE) -> ProductF | G5: =IF(ISNA(VLOOKUP(B5,PRODUCTS!$A$2:$A$8,1,FALSE)),"Not Exist","Exist") -> Exist | H5: =(D5-(D5*10%)) -> 117 | J5: ProductF | K5: =SUMIF($F$2:$F$9,F5,$C$2:$C$10) -> 3 | L5: =SUMIF($F$2:$F$9,F5,$E$2:$E$9) -> 390
A6: 5 | B6: 102 | C6: 5 | D6: =VLOOKUP(B6,PRODUCTS!$A$2:$D$9,3,FALSE) -> 150 | E6: =C6*D6 -> 750 | F6: =VLOOKUP(B6,PRODUCTS!$A$2:$D$9,2,FALSE) -> ProductB | G6: =IF(ISNA(VLOOKUP(B6,PRODUCTS!$A$2:$A$8,1,FALSE)),"Not Exist","Exist") -> Exist | H6: =(D6-(D6*10%)) -> 135 | J6: ProductB | K6: =SUMIF($F$2:$F$9,F6,$C$2:$C$10) -> 5 | L6: =SUMIF($F$2:$F$9,F6,$E$2:$E$9) -> 750
A7: 6 | B7: 104 | C7: 6 | D7: =VLOOKUP(B7,PRODUCTS!$A$2:$D$9,3,FALSE) -> 90 | E7: =C7*D7 -> 540 | F7: =VLOOKUP(B7,PRODUCTS!$A$2:$D$9,2,FALSE) -> ProductD | G7: =IF(ISNA(VLOOKUP(B7,PRODUCTS!$A$2:$A$8,1,FALSE)),"Not Exist","Exist") -> Exist | H7: =(D7-(D7*10%)) -> 81 | J7: ProductD | K7: =SUMIF($F$2:$F$9,F7,$C$2:$C$10) -> 6 | L7: =SUMIF($F$2:$F$9,F7,$E$2:$E$9) -> 540
A8: 7 | B8: 101 | C8: 7 | D8: =VLOOKUP(B8,PRODUCTS!$A$2:$D$9,3,FALSE) -> 120 | E8: =C8*D8 -> 840 | F8: =VLOOKUP(B8,PRODUCTS!$A$2:$D$9,2,FALSE) -> ProductA | G8: =IF(ISNA(VLOOKUP(B8,PRODUCTS!$A$2:$A$8,1,FALSE)),"Not Exist","Exist") -> Exist | H8: =(D8-(D8*10%)) -> 108
A9: 8 | B9: 105 | C9: 6 | D9: =VLOOKUP(B9,PRODUCTS!$A$2:$D$9,3,FALSE) -> 220 | E9: =C9*D9 -> 1320 | F9: =VLOOKUP(B9,PRODUCTS!$A$2:$D$9,2,FALSE) -> ProductE | G9: =IF(ISNA(VLOOKUP(B9,PRODUCTS!$A$2:$A$8,1,FALSE)),"Not Exist","Exist") -> Exist | H9: =(D9-(D9*10%)) -> 198
A10: 9 | B10: 1001 | C10: 2 | D10: =VLOOKUP(B10,PRODUCTS!$A$2:$D$9,3,FALSE) -> #N/A | E10: =C10*D10 -> #N/A | F10: =VLOOKUP(B10,PRODUCTS!$A$2:$D$9,2,FALSE) -> #N/A | G10: =IF(ISNA(VLOOKUP(B10,PRODUCTS!$A$2:$A$8,1,FALSE)),"Not Exist","Exist") -> Not Exist | H10: =(D10-(D10*10%)) -> #N/A
K11: ANSWER
A12: Q1 | B12: Use VLOOKUP to find the product names for each ProductID in the Orders worksheet. | K12: COLUMN F
A13: Q2 | B13: Use VLOOKUP to find the price for each ProductID in the Orders worksheet, then calculate the TotalPrice by multiplying the Quantity by the Product Price. | K13: COLUMN D,E
A14: Q3 | B14: Use VLOOKUP to check if there are any ProductIDs in the Orders worksheet that do not exist in the Products worksheet. | K14: COLUMN G
A15: Q4 | B15: Assume a discount of 10% is given on all products. Use VLOOKUP to find the original price and then calculate the discounted price. | K15: COLUMN H
A16: Q5 | B16: Use VLOOKUP to find the price for each ProductID and then calculate the order value. Find the maximum order value from the list. | K16: =MAX(L2:L7) -> 2200
A17: Q6 | B17: Use VLOOKUP to find out which products from the Products worksheet have not been ordered. | K17: PRODUCTS SHEET
A18: Q7 | B18: Use VLOOKUP to find the Product name and summarize the total quantity sold for each product. | K18: COLUMN J
